{"cameraMode":{"drawMode":0,"name":"Shaded","section":"Shading Mode"},"sceneLighting":false,"audioPlay":false,"sceneViewState":{"showFog":false,"showMaterialUpdate":false,"showSkybox":false,"showFlares":false,"showImageEffects":false,"showParticleSystems":false},"in2DMode":false,"pivot":{"x":-37.605064392089847,"y":14.981928825378418,"z":-40.9791374206543},"rotation":{"x":-0.25457650423049929,"y":-0.7445812821388245,"z":0.4153258204460144,"w":-0.4563981592655182},"size":1.730774164199829,"orthographic":false}