{"cameraMode":{"drawMode":0,"name":"Shaded","section":"Shading Mode"},"sceneLighting":true,"audioPlay":false,"sceneViewState":{"showFog":false,"showMaterialUpdate":false,"showSkybox":false,"showFlares":false,"showImageEffects":false,"showParticleSystems":false},"in2DMode":false,"pivot":{"x":-3.9172677993774416,"y":-0.07954120635986328,"z":5.815269947052002},"rotation":{"x":0.06676670163869858,"y":0.42354702949523928,"z":-0.03130821883678436,"w":0.9028874039649963},"size":10.0,"orthographic":false}