{"cameraMode":{"drawMode":0,"name":"Shaded","section":"Shading Mode"},"sceneLighting":false,"audioPlay":false,"sceneViewState":{"showFog":false,"showMaterialUpdate":false,"showSkybox":false,"showFlares":false,"showImageEffects":false,"showParticleSystems":false},"in2DMode":false,"pivot":{"x":-30.583898544311525,"y":3.114969491958618,"z":-36.19692611694336},"rotation":{"x":-0.0675489753484726,"y":-0.8293545246124268,"z":0.10278920829296112,"w":-0.5450201034545898},"size":0.8796204924583435,"orthographic":false}