{"cameraMode":{"drawMode":0,"name":"Shaded","section":"Shading Mode"},"sceneLighting":false,"audioPlay":false,"sceneViewState":{"showFog":false,"showMaterialUpdate":false,"showSkybox":false,"showFlares":false,"showImageEffects":false,"showParticleSystems":false},"in2DMode":false,"pivot":{"x":-0.6000000238418579,"y":7.820000171661377,"z":7.050000190734863},"rotation":{"x":0.11422762274742127,"y":-0.6477598547935486,"z":0.09910659492015839,"w":0.7467124462127686},"size":0.259807825088501,"orthographic":false}