{"cameraMode":{"drawMode":0,"name":"Shaded","section":"Shading Mode"},"sceneLighting":false,"audioPlay":false,"sceneViewState":{"showFog":false,"showMaterialUpdate":false,"showSkybox":false,"showFlares":false,"showImageEffects":false,"showParticleSystems":false},"in2DMode":false,"pivot":{"x":-43.181549072265628,"y":-0.2550640106201172,"z":-44.67822265625},"rotation":{"x":0.003793515032157302,"y":-0.9890560507774353,"z":0.14524458348751069,"w":0.025826653465628625},"size":0.8660253882408142,"orthographic":false}