{"cameraMode":{"drawMode":0,"name":"Shaded","section":"Shading Mode"},"sceneLighting":false,"audioPlay":false,"sceneViewState":{"showFog":false,"showMaterialUpdate":false,"showSkybox":false,"showFlares":false,"showImageEffects":false,"showParticleSystems":false},"in2DMode":false,"pivot":{"x":1.9819490909576417,"y":5.705362319946289,"z":6.055129528045654},"rotation":{"x":0.07711109519004822,"y":-0.9127985239028931,"z":0.34546706080436709,"w":0.2037423551082611},"size":3.5408852100372316,"orthographic":false}