{"cameraMode":{"drawMode":0,"name":"Shaded","section":"Shading Mode"},"sceneLighting":false,"audioPlay":false,"sceneViewState":{"showFog":false,"showMaterialUpdate":false,"showSkybox":false,"showFlares":false,"showImageEffects":false,"showParticleSystems":false},"in2DMode":false,"pivot":{"x":6.3173956871032719,"y":-0.4107036590576172,"z":0.13052010536193849},"rotation":{"x":0.37204328179359438,"y":0.6206494569778442,"z":-0.4234730899333954,"w":0.5451285243034363},"size":2.223438024520874,"orthographic":false}