{"cameraMode":{"drawMode":0,"name":"Shaded","section":"Shading Mode"},"sceneLighting":false,"audioPlay":false,"sceneViewState":{"showFog":false,"showMaterialUpdate":false,"showSkybox":false,"showFlares":false,"showImageEffects":false,"showParticleSystems":false},"in2DMode":false,"pivot":{"x":0.7343474626541138,"y":3.6087265014648439,"z":-0.1629176139831543},"rotation":{"x":0.05563507601618767,"y":-0.9026720523834229,"z":0.1228906586766243,"w":0.40864992141723635},"size":2.6504170894622804,"orthographic":false}