{"cameraMode":{"drawMode":0,"name":"Shaded","section":"Shading Mode"},"sceneLighting":false,"audioPlay":false,"sceneViewState":{"showFog":false,"showMaterialUpdate":false,"showSkybox":false,"showFlares":false,"showImageEffects":false,"showParticleSystems":false},"in2DMode":false,"pivot":{"x":14.43030071258545,"y":12.490272521972657,"z":-13.930882453918457},"rotation":{"x":0.12700532376766206,"y":0.5237833857536316,"z":-0.07933010905981064,"w":0.8385939002037048},"size":2.336242914199829,"orthographic":false}