{"cameraMode":{"drawMode":0,"name":"Shaded","section":"Shading Mode"},"sceneLighting":false,"audioPlay":false,"sceneViewState":{"showFog":false,"showMaterialUpdate":false,"showSkybox":false,"showFlares":false,"showImageEffects":false,"showParticleSystems":false},"in2DMode":false,"pivot":{"x":-3.828853130340576,"y":-2.115330696105957,"z":-1.9638352394104005},"rotation":{"x":0.4456932246685028,"y":0.456194669008255,"z":-0.2839955985546112,"w":0.715965211391449},"size":6.752869606018066,"orthographic":false}