{"cameraMode":{"drawMode":0,"name":"Shaded","section":"Shading Mode"},"sceneLighting":false,"audioPlay":false,"sceneViewState":{"showFog":false,"showMaterialUpdate":false,"showSkybox":false,"showFlares":false,"showImageEffects":false,"showParticleSystems":false},"in2DMode":false,"pivot":{"x":-4.162895202636719,"y":-0.8527803421020508,"z":7.748769283294678},"rotation":{"x":0.1729567050933838,"y":0.286712646484375,"z":-0.0527120865881443,"w":0.9408079981803894},"size":1.8421025276184083,"orthographic":false}