{"cameraMode":{"drawMode":0,"name":"Shaded","section":"Shading Mode"},"sceneLighting":false,"audioPlay":false,"sceneViewState":{"showFog":false,"showMaterialUpdate":false,"showSkybox":false,"showFlares":false,"showImageEffects":false,"showParticleSystems":false},"in2DMode":false,"pivot":{"x":-0.35331404209136965,"y":-0.7048184871673584,"z":-1.087557077407837},"rotation":{"x":0.3551507890224457,"y":-0.03306041285395622,"z":0.012567701749503613,"w":0.9341509342193604},"size":1.395796537399292,"orthographic":false}