{"cameraMode":{"drawMode":0,"name":"Shaded","section":"Shading Mode"},"sceneLighting":false,"audioPlay":false,"sceneViewState":{"showFog":false,"showMaterialUpdate":false,"showSkybox":false,"showFlares":false,"showImageEffects":false,"showParticleSystems":false},"in2DMode":false,"pivot":{"x":1.757766842842102,"y":-0.40101826190948489,"z":0.7318365573883057},"rotation":{"x":0.07741349935531616,"y":0.8235687613487244,"z":-0.11587963253259659,"w":0.5499311089515686},"size":0.4494934678077698,"orthographic":false}