{"cameraMode":{"drawMode":0,"name":"Shaded","section":"Shading Mode"},"sceneLighting":false,"audioPlay":false,"sceneViewState":{"showFog":false,"showMaterialUpdate":false,"showSkybox":false,"showFlares":false,"showImageEffects":false,"showParticleSystems":false},"in2DMode":false,"pivot":{"x":6.131158828735352,"y":-9.434701919555664,"z":15.36461067199707},"rotation":{"x":0.31285589933395388,"y":0.3113574683666229,"z":-0.1093749850988388,"w":0.890636146068573},"size":0.8660253882408142,"orthographic":false}