{"cameraMode":{"drawMode":0,"name":"Shaded","section":"Shading Mode"},"sceneLighting":false,"audioPlay":false,"sceneViewState":{"showFog":false,"showMaterialUpdate":false,"showSkybox":false,"showFlares":false,"showImageEffects":false,"showParticleSystems":false},"in2DMode":false,"pivot":{"x":1.2540812492370606,"y":-0.19753578305244447,"z":-0.3765866756439209},"rotation":{"x":-0.0675489753484726,"y":-0.8293545246124268,"z":0.10278920829296112,"w":-0.5450201034545898},"size":1.1660254001617432,"orthographic":false}