{"cameraMode":{"drawMode":0,"name":"Shaded","section":"Shading Mode"},"sceneLighting":false,"audioPlay":false,"sceneViewState":{"showFog":false,"showMaterialUpdate":false,"showSkybox":false,"showFlares":false,"showImageEffects":false,"showParticleSystems":false},"in2DMode":false,"pivot":{"x":7.8167853355407719,"y":-3.202178955078125,"z":20.470027923583986},"rotation":{"x":-0.10250380635261536,"y":0.8764039278030396,"z":-0.4188302755355835,"w":-0.21448154747486115},"size":13.031820297241211,"orthographic":false}