{"cameraMode":{"drawMode":1,"name":"Wireframe","section":"Shading Mode"},"sceneLighting":true,"audioPlay":false,"sceneViewState":{"showFog":false,"showMaterialUpdate":false,"showSkybox":false,"showFlares":false,"showImageEffects":false,"showParticleSystems":false},"in2DMode":false,"pivot":{"x":-14.341862678527832,"y":5.900942802429199,"z":-28.771530151367189},"rotation":{"x":-0.07720084488391876,"y":0.9055560827255249,"z":-0.18763726949691773,"w":-0.37269577383995058},"size":3.9097912311553957,"orthographic":false}