{"cameraMode":{"drawMode":0,"name":"Shaded","section":"Shading Mode"},"sceneLighting":false,"audioPlay":false,"sceneViewState":{"showFog":false,"showMaterialUpdate":false,"showSkybox":false,"showFlares":false,"showImageEffects":false,"showParticleSystems":false},"in2DMode":false,"pivot":{"x":1.4496021270751954,"y":-4.809844970703125,"z":0.0276336669921875},"rotation":{"x":0.12086889147758484,"y":0.858469545841217,"z":-0.23648855090141297,"w":0.438760906457901},"size":106.93241119384766,"orthographic":false}