{"cameraMode":{"drawMode":0,"name":"Shaded","section":"Shading Mode"},"sceneLighting":false,"audioPlay":false,"sceneViewState":{"showFog":false,"showMaterialUpdate":false,"showSkybox":false,"showFlares":false,"showImageEffects":false,"showParticleSystems":false},"in2DMode":false,"pivot":{"x":0.026999950408935548,"y":0.02994270995259285,"z":0.0},"rotation":{"x":0.0003715494240168482,"y":0.9807363152503967,"z":-0.19554652273654939,"w":0.0016677362145856023},"size":1.3443517684936524,"orthographic":false}