{"cameraMode":{"drawMode":0,"name":"Shaded","section":"Shading Mode"},"sceneLighting":false,"audioPlay":false,"sceneViewState":{"showFog":true,"showMaterialUpdate":true,"showSkybox":false,"showFlares":true,"showImageEffects":true,"showParticleSystems":true},"in2DMode":false,"pivot":{"x":-21.72846794128418,"y":67.80842590332031,"z":10.203187942504883},"rotation":{"x":0.24035242199897767,"y":0.7541083097457886,"z":-0.3757433593273163,"w":0.482174813747406},"size":1.7660253047943116,"orthographic":false}