{"cameraMode":{"drawMode":0,"name":"Shaded","section":"Shading Mode"},"sceneLighting":false,"audioPlay":false,"sceneViewState":{"showFog":false,"showMaterialUpdate":false,"showSkybox":false,"showFlares":false,"showImageEffects":false,"showParticleSystems":false},"in2DMode":false,"pivot":{"x":-46.38001251220703,"y":1.9538655281066895,"z":-44.795188903808597},"rotation":{"x":-0.08473851531744003,"y":-0.8115007877349854,"z":0.12165878713130951,"w":-0.565234899520874},"size":2.271562337875366,"orthographic":false}